paket,kuota,durasi ,harga
Orbit Deals 15GB,15GB,7 Hari,33.000
Orbit Deals 25GB,25GB,7 Hari,50.000
Orbit Deals 15GB,15GB,14 Hari,40.000
Orbit Deals 25GB,25GB,14 Hari,50.000
Orbit Deals 50GB,50GB,14 Hari,100.000
Orbit Deals 100GB,100GB,14 Hari,150.000
Orbit Deals 45GB,45GB,30 Hari,150.000
Orbit Deals 90GB,90GB,30 Hari,132.000
Orbit Deals 125GB,125GB,30 Hari,176.000
Orbit Deals 175GB,175GB,30 Hari,255.000
Orbit Deals 300GB,300GB,30 Hari,410.000
Orbit Deals 20GB,20GB,90 Hari,95.000
Orbit Deals 280GB,280GB,90 Hari,280.000